,min_distance,count_min,epitope
0,0,1,KRWIILGLNK
0,0,1,LLWNGPMAV
0,0,1,TLIGDCATV
0,0,2,VLWAHGFEL
0,0,2,GLCTLVAML
0,0,2,KLPDDFTGCV
0,0,3,ELAGIGILTV
0,0,4,FLPRVFSAV
0,0,5,KLSYGIATV
0,0,9,FVDGVPFVV
0,0,13,LPRRSGAAGA
0,0,17,GILGFVFTL
0,0,20,FLNGSCGSV
0,0,39,NLVPMVATV
0,0,42,HTTDPSFLGRY
0,1,1,LPPAYTNSF
0,1,1,SLYNTVATL
0,1,1,EEHVQIHTI
0,1,1,RFYKTLRAEQASQ
0,1,1,ILGLPTQTV
0,1,1,YVLDHLIVV
0,1,1,FLKEKGGL
0,1,1,TPGPGVRYPL
0,1,1,SEISMDNSPNL
0,1,1,EILDITPCSF
0,1,1,KRWIIMGLNK
0,1,1,MLNIPSINV
0,1,1,HPKVSSEVHI
0,1,1,SEPVLKGVKL
0,1,1,NLDSKVGGNY
0,1,1,HLVDFQVTI
0,1,1,AYILFTRFFYV
0,1,1,ARMILMTHF
0,1,1,YEGNSPFHPL
0,1,1,SFHSLHLLF
0,1,2,TLVPQEHYV
0,1,2,SSNVANYQK
0,1,2,ISPRTLNAW
0,1,2,FIAGLIAIV
0,1,2,SEVGPEHSLAEY
0,1,2,EAAGIGILTV
0,1,2,QECVRGTTVL
0,1,2,AMFWSVPTV
0,1,2,IQYIDIGNY
0,1,3,NLNESLIDL
0,1,3,TPRVTGGGAM
0,1,3,CINGVCWTV
0,1,3,LLMPILTLT
0,1,3,EIYKRWII
0,1,3,LPAADLDDF
0,1,4,VLAWLYAAV
0,1,4,ITEEVGHTDLMAAY
0,1,4,RAKFKQLL
0,1,5,KLWAQCVQL
0,1,6,PKYVKQNTLKLAT
0,1,6,ILHCANFNV
0,1,6,FRDYVDRFYKTLRAEQASQE
0,1,7,NLSALGIFST
0,1,7,FTISVTTEIL
0,1,7,LLLGIGILV
0,1,8,GTSGSPIINR
0,1,9,TPINLVRDL
0,1,9,YLDAYNMMI
0,1,9,KAFSPEVIPMF
0,1,9,YIFFASFYY
0,1,10,LEPLVDLPI
0,1,10,VTEHDTLLY
0,1,10,YLQPRTFLL
0,1,11,GTSGSPIVNR
0,1,14,YFPLQSYGF
0,1,16,MPASWVMRI
0,1,16,KPLEFGATSAAL
0,1,26,YLNTLTLAV
0,1,36,WICLLQFAY
0,1,56,FPPTSFGPL
0,1,59,KAYNVTQAF
0,1,97,RQLLFVVEV
0,2,1,RYPLTFGWCF
0,2,1,QVPLRPMTYK
0,2,1,NQKLIANQF
0,2,1,IVTDFSVIK
0,2,1,IVDTVSALV
0,2,1,EPLPQGQLTAY
0,2,1,TLDSKTQSL
0,2,1,RPRGEVRFL
0,2,2,QYDPVAALF
0,2,2,YSEHPTFTSQY
0,2,2,GVAMPNLYK
0,2,3,TFYLTNDVSFL
0,2,3,HPVGEADYFEY
0,2,3,QIKVRVKMV
0,2,3,TTLPVNVAF
0,2,3,QASQEVKNW
0,2,3,RLRPGGKKK
0,2,3,TVYDPLQPELDSFK
0,2,4,NYSGVVTTVMF
0,2,4,ALSQYHVYV
0,2,4,IIKDYGKQM
0,2,4,KEIDRLNEV
0,2,4,SEETGTLIV
0,2,5,TSNQVAVLY
0,2,5,SLVKPSFYV
0,2,5,LLFNKVTLA
0,2,5,LPPIVAKEI
0,2,6,HTDFSSEIIGY
0,2,6,ISDYDYYRY
0,2,6,FADDLNQLTGY
0,2,8,GPGHKARVL
0,2,8,IPRRNVATL
0,2,8,FPRPWLHGL
0,2,9,IPSINVHHY
0,2,9,FLYNLLTRV
0,2,9,RIFTIGTVTLK
0,2,10,GTSGSPIIDK
0,2,11,KTSVDCTMYI
0,2,11,LVLSVNPYV
0,2,13,ALSKGVHFV
0,2,13,KLVALGINAV
0,2,14,ILIEGIFFV
0,2,17,GTHWFVTQR
0,2,20,IPIQASLPF
0,2,21,FLNRFTTTL
0,2,24,ATDALMTGY
0,2,26,KLNVGDYFV
0,2,31,TPQDLNTML
0,3,11,HSKKKCDEL
