Epitope	Viral/Cancer	Origin	Number of TCR sequences	Balanced accuracy	Average precision	ROC AUC	Active
EAAGIGILTV	Cancer	Melanoma	266	0.69 ± 0.03	0.74 ± 0.01	0.9 ± 0.01	Yes
ELAGIGILTV	Cancer	Melanoma	1035	0.54 ± 0.0	0.37 ± 0.03	0.72 ± 0.01	Yes
AMFWSVPTV	Cancer	Melanoma	82	0.59 ± 0.04	0.48 ± 0.12	0.78 ± 0.04	Yes
FLYNLLTRV	Cancer	Melanoma	61	0.63 ± 0.08	0.59 ± 0.1	0.87 ± 0.03	Yes
LLLGIGILV	Cancer	Multiple Myeloma	233	0.58 ± 0.01	0.44 ± 0.06	0.77 ± 0.04	Yes
NLSALGIFST	Cancer	Unknown	111	0.51 ± 0.01	0.19 ± 0.03	0.66 ± 0.04	No
TPRVTGGGAM	Viral	CMV	258	0.7 ± 0.02	0.75 ± 0.04	0.88 ± 0.03	Yes
NLVPMVATV	Viral	CMV	4812	0.56 ± 0.0	0.39 ± 0.01	0.72 ± 0.01	Yes
QYDPVAALF	Viral	CMV	41	0.7 ± 0.06	0.6 ± 0.06	0.82 ± 0.06	Yes
YSEHPTFTSQY	Viral	CMV	74	0.59 ± 0.06	0.71 ± 0.06	0.93 ± 0.04	Yes
QIKVRVKMV	Viral	CMV	36	0.5 ± 0.0	0.4 ± 0.09	0.79 ± 0.05	Yes
VTEHDTLLY	Viral	CMV	277	0.54 ± 0.0	0.39 ± 0.04	0.78 ± 0.02	Yes
IPSINVHHY	Viral	CMV	85	0.7 ± 0.02	0.66 ± 0.06	0.84 ± 0.04	Yes
MLNIPSINV	Viral	CMV	73	0.51 ± 0.01	0.25 ± 0.04	0.61 ± 0.04	No
GTSGSPIVNR	Viral	DENV1	165	0.75 ± 0.05	0.76 ± 0.06	0.88 ± 0.04	Yes
GTSGSPIIDK	Viral	DENV2	60	0.61 ± 0.06	0.49 ± 0.04	0.74 ± 0.08	Yes
GTSGSPIINR	Viral	DENV3/4	158	0.73 ± 0.02	0.75 ± 0.03	0.86 ± 0.03	Yes
IVTDFSVIK	Viral	EBV	46	0.6 ± 0.05	0.53 ± 0.05	0.83 ± 0.04	Yes
RAKFKQLL	Viral	EBV	262	0.65 ± 0.02	0.69 ± 0.04	0.89 ± 0.01	Yes
GLCTLVAML	Viral	EBV	1208	0.66 ± 0.01	0.59 ± 0.0	0.82 ± 0.02	Yes
YVLDHLIVV	Viral	EBV	103	0.52 ± 0.02	0.44 ± 0.09	0.76 ± 0.07	Yes
EPLPQGQLTAY	Viral	EBV	36	0.64 ± 0.08	0.68 ± 0.18	0.91 ± 0.06	Yes
HPVGEADYFEY	Viral	EBV	32	0.72 ± 0.08	0.68 ± 0.13	0.86 ± 0.08	Yes
HSKKKCDEL	Viral	HCV	45	0.77 ± 0.09	0.93 ± 0.03	0.99 ± 0.01	Yes
ATDALMTGY	Viral	HCV	177	0.75 ± 0.03	0.77 ± 0.06	0.91 ± 0.04	Yes
KLVALGINAV	Viral	HCV	65	0.62 ± 0.05	0.51 ± 0.14	0.73 ± 0.08	Yes
CINGVCWTV	Viral	HCV	131	0.53 ± 0.03	0.37 ± 0.11	0.75 ± 0.06	Yes
ARMILMTHF	Viral	HCV	66	0.74 ± 0.07	0.69 ± 0.12	0.86 ± 0.08	Yes
KAFSPEVIPMF	Viral	HIV	210	0.73 ± 0.02	0.71 ± 0.03	0.9 ± 0.01	Yes
EIYKRWII	Viral	HIV	185	0.65 ± 0.02	0.52 ± 0.04	0.75 ± 0.06	Yes
FLKEKGGL	Viral	HIV	156	0.6 ± 0.03	0.48 ± 0.1	0.76 ± 0.06	Yes
KRWIIMGLNK	Viral	HIV	75	0.69 ± 0.05	0.73 ± 0.12	0.85 ± 0.09	Yes
ISPRTLNAW	Viral	HIV	58	0.61 ± 0.06	0.6 ± 0.12	0.84 ± 0.03	Yes
QASQEVKNW	Viral	HIV	31	0.58 ± 0.05	0.31 ± 0.12	0.6 ± 0.11	No
TPQDLNTML	Viral	HIV	159	0.81 ± 0.02	0.87 ± 0.06	0.94 ± 0.04	Yes
KRWIILGLNK	Viral	HIV	396	0.65 ± 0.02	0.64 ± 0.08	0.85 ± 0.04	Yes
RYPLTFGWCF	Viral	HIV	30	0.52 ± 0.03	0.42 ± 0.12	0.72 ± 0.13	Yes
FPRPWLHGL	Viral	HIV	120	0.81 ± 0.02	0.83 ± 0.03	0.93 ± 0.02	Yes
IIKDYGKQM	Viral	HIV	54	0.81 ± 0.07	0.84 ± 0.07	0.95 ± 0.04	Yes
LPPIVAKEI	Viral	HIV	62	0.79 ± 0.04	0.78 ± 0.06	0.9 ± 0.05	Yes
HPKVSSEVHI	Viral	HIV	75	0.69 ± 0.07	0.7 ± 0.16	0.87 ± 0.08	Yes
TPGPGVRYPL	Viral	HIV	86	0.68 ± 0.04	0.74 ± 0.07	0.88 ± 0.03	Yes
RFYKTLRAEQASQ	Viral	HIV	210	0.9 ± 0.03	0.96 ± 0.01	0.99 ± 0.0	Yes
SLYNTVATL	Viral	HIV	58	0.63 ± 0.03	0.4 ± 0.05	0.59 ± 0.06	No
GPGHKARVL	Viral	HIV	66	0.51 ± 0.02	0.31 ± 0.11	0.67 ± 0.06	No
RLRPGGKKK	Viral	HIV	31	0.73 ± 0.06	0.73 ± 0.2	0.89 ± 0.09	Yes
QVPLRPMTYK	Viral	HIV	48	0.64 ± 0.04	0.51 ± 0.16	0.77 ± 0.11	Yes
FRDYVDRFYKTLRAEQASQE	Viral	HIV	367	0.87 ± 0.02	0.96 ± 0.01	1.0 ± 0.0	Yes
RPRGEVRFL	Viral	HSV2	63	0.77 ± 0.04	0.84 ± 0.08	0.92 ± 0.05	Yes
SFHSLHLLF	Viral	HTLV1	131	0.68 ± 0.03	0.63 ± 0.08	0.81 ± 0.08	Yes
PKYVKQNTLKLAT	Viral	Influenza	292	0.52 ± 0.01	0.36 ± 0.05	0.72 ± 0.02	Yes
GILGFVFTL	Viral	Influenza	3107	0.68 ± 0.01	0.59 ± 0.02	0.81 ± 0.02	Yes
LPRRSGAAGA	Viral	Influenza	2137	0.54 ± 0.01	0.4 ± 0.02	0.84 ± 0.01	Yes
FLNRFTTTL	Viral	SARS-CoV-2	104	0.54 ± 0.03	0.38 ± 0.12	0.72 ± 0.07	Yes
GTHWFVTQR	Viral	SARS-CoV-2	98	0.5 ± 0.0	0.19 ± 0.04	0.66 ± 0.04	No
TTLPVNVAF	Viral	SARS-CoV-2	31	0.52 ± 0.03	0.26 ± 0.07	0.65 ± 0.06	No
NYSGVVTTVMF	Viral	SARS-CoV-2	33	0.51 ± 0.03	0.29 ± 0.05	0.68 ± 0.12	No
HTDFSSEIIGY	Viral	SARS-CoV-2	35	0.6 ± 0.06	0.54 ± 0.1	0.67 ± 0.09	No
WICLLQFAY	Viral	SARS-CoV-2	515	0.64 ± 0.02	0.56 ± 0.06	0.81 ± 0.02	Yes
HLVDFQVTI	Viral	SARS-CoV-2	69	0.61 ± 0.04	0.44 ± 0.09	0.75 ± 0.06	Yes
KLNVGDYFV	Viral	SARS-CoV-2	143	0.52 ± 0.02	0.31 ± 0.07	0.72 ± 0.04	No
TFYLTNDVSFL	Viral	SARS-CoV-2	33	0.57 ± 0.08	0.43 ± 0.1	0.66 ± 0.04	No
LPAADLDDF	Viral	SARS-CoV-2	131	0.53 ± 0.02	0.32 ± 0.04	0.73 ± 0.02	No
EILDITPCSF	Viral	SARS-CoV-2	68	0.63 ± 0.03	0.46 ± 0.09	0.73 ± 0.06	Yes
YFPLQSYGF	Viral	SARS-CoV-2	357	0.53 ± 0.01	0.4 ± 0.04	0.79 ± 0.03	Yes
AYILFTRFFYV	Viral	SARS-CoV-2	119	0.52 ± 0.01	0.28 ± 0.07	0.7 ± 0.05	No
LVLSVNPYV	Viral	SARS-CoV-2	50	0.5 ± 0.0	0.34 ± 0.09	0.66 ± 0.11	No
FTISVTTEIL	Viral	SARS-CoV-2	159	0.55 ± 0.03	0.37 ± 0.04	0.73 ± 0.03	Yes
LPPAYTNSF	Viral	SARS-CoV-2	127	0.53 ± 0.02	0.45 ± 0.06	0.82 ± 0.03	Yes
QECVRGTTVL	Viral	SARS-CoV-2	147	0.71 ± 0.02	0.66 ± 0.04	0.85 ± 0.02	Yes
MPASWVMRI	Viral	SARS-CoV-2	477	0.62 ± 0.02	0.53 ± 0.01	0.82 ± 0.01	Yes
VLWAHGFEL	Viral	SARS-CoV-2	695	0.65 ± 0.02	0.6 ± 0.04	0.85 ± 0.02	Yes
KEIDRLNEV	Viral	SARS-CoV-2	57	0.58 ± 0.02	0.43 ± 0.1	0.7 ± 0.08	Yes
TPINLVRDL	Viral	SARS-CoV-2	249	0.64 ± 0.02	0.53 ± 0.04	0.81 ± 0.03	Yes
KPLEFGATSAAL	Viral	SARS-CoV-2	344	0.59 ± 0.02	0.49 ± 0.07	0.8 ± 0.04	Yes
VLAWLYAAV	Viral	SARS-CoV-2	112	0.5 ± 0.01	0.18 ± 0.05	0.6 ± 0.04	No
FIAGLIAIV	Viral	SARS-CoV-2	184	0.52 ± 0.02	0.29 ± 0.08	0.71 ± 0.04	No
YIFFASFYY	Viral	SARS-CoV-2	272	0.5 ± 0.0	0.31 ± 0.03	0.77 ± 0.02	No
RQLLFVVEV	Viral	SARS-CoV-2	841	0.57 ± 0.01	0.46 ± 0.02	0.83 ± 0.01	Yes
ALSKGVHFV	Viral	SARS-CoV-2	129	0.53 ± 0.01	0.4 ± 0.09	0.79 ± 0.03	Yes
FLPRVFSAV	Viral	SARS-CoV-2	773	0.59 ± 0.02	0.51 ± 0.03	0.84 ± 0.01	Yes
SLVKPSFYV	Viral	SARS-CoV-2	50	0.52 ± 0.02	0.38 ± 0.08	0.69 ± 0.03	No
IPRRNVATL	Viral	SARS-CoV-2	48	0.57 ± 0.02	0.32 ± 0.08	0.58 ± 0.09	No
IQYIDIGNY	Viral	SARS-CoV-2	149	0.56 ± 0.03	0.47 ± 0.06	0.82 ± 0.04	Yes
KLSYGIATV	Viral	SARS-CoV-2	2149	0.58 ± 0.0	0.51 ± 0.01	0.84 ± 0.01	Yes
ILHCANFNV	Viral	SARS-CoV-2	185	0.61 ± 0.02	0.52 ± 0.05	0.84 ± 0.03	Yes
KLWAQCVQL	Viral	SARS-CoV-2	266	0.55 ± 0.01	0.46 ± 0.05	0.8 ± 0.02	Yes
SEISMDNSPNL	Viral	SARS-CoV-2	95	0.52 ± 0.01	0.45 ± 0.13	0.79 ± 0.05	Yes
KTSVDCTMYI	Viral	SARS-CoV-2	70	0.7 ± 0.05	0.72 ± 0.08	0.89 ± 0.05	Yes
IVDTVSALV	Viral	SARS-CoV-2	36	0.51 ± 0.03	0.36 ± 0.18	0.76 ± 0.12	Yes
LLFNKVTLA	Viral	SARS-CoV-2	39	0.51 ± 0.03	0.37 ± 0.1	0.76 ± 0.04	Yes
SEETGTLIV	Viral	SARS-CoV-2	38	0.6 ± 0.03	0.39 ± 0.08	0.68 ± 0.09	No
TLDSKTQSL	Viral	SARS-CoV-2	107	0.83 ± 0.06	0.88 ± 0.06	0.97 ± 0.02	Yes
TVYDPLQPELDSFK	Viral	SARS-CoV-2	36	0.51 ± 0.03	0.23 ± 0.08	0.53 ± 0.07	No
FPPTSFGPL	Viral	SARS-CoV-2	621	0.69 ± 0.01	0.61 ± 0.01	0.85 ± 0.01	Yes
SSNVANYQK	Viral	SARS-CoV-2	74	0.61 ± 0.04	0.45 ± 0.08	0.77 ± 0.04	Yes
YLNTLTLAV	Viral	SARS-CoV-2	390	0.58 ± 0.02	0.46 ± 0.04	0.8 ± 0.01	Yes
LLMPILTLT	Viral	SARS-CoV-2	46	0.5 ± 0.0	0.25 ± 0.06	0.69 ± 0.06	No
NQKLIANQF	Viral	SARS-CoV-2	51	0.76 ± 0.02	0.78 ± 0.07	0.95 ± 0.02	Yes
ILGLPTQTV	Viral	SARS-CoV-2	198	0.68 ± 0.02	0.6 ± 0.08	0.83 ± 0.05	Yes
YLQPRTFLL	Viral	SARS-CoV-2	315	0.91 ± 0.01	0.92 ± 0.01	0.97 ± 0.01	Yes
YLDAYNMMI	Viral	SARS-CoV-2	197	0.62 ± 0.03	0.42 ± 0.05	0.74 ± 0.03	Yes
SEPVLKGVKL	Viral	SARS-CoV-2	80	0.57 ± 0.02	0.38 ± 0.1	0.79 ± 0.05	Yes
TLIGDCATV	Viral	SARS-CoV-2	467	0.55 ± 0.02	0.36 ± 0.04	0.73 ± 0.03	Yes
ITEEVGHTDLMAAY	Viral	SARS-CoV-2	156	0.57 ± 0.02	0.49 ± 0.04	0.78 ± 0.02	Yes
ISDYDYYRY	Viral	SARS-CoV-2	39	0.5 ± 0.0	0.25 ± 0.09	0.67 ± 0.06	No
EEHVQIHTI	Viral	SARS-CoV-2	104	0.5 ± 0.01	0.2 ± 0.09	0.59 ± 0.07	No
IPIQASLPF	Viral	SARS-CoV-2	104	0.51 ± 0.02	0.35 ± 0.11	0.74 ± 0.09	Yes
TLVPQEHYV	Viral	SARS-CoV-2	154	0.53 ± 0.03	0.42 ± 0.07	0.72 ± 0.02	Yes
FADDLNQLTGY	Viral	SARS-CoV-2	70	0.61 ± 0.04	0.44 ± 0.11	0.7 ± 0.05	Yes
RIFTIGTVTLK	Viral	SARS-CoV-2	81	0.51 ± 0.02	0.32 ± 0.15	0.67 ± 0.1	No
YEGNSPFHPL	Viral	SARS-CoV-2	60	0.53 ± 0.03	0.31 ± 0.06	0.66 ± 0.09	No
NLNESLIDL	Viral	SARS-CoV-2	132	0.59 ± 0.03	0.42 ± 0.05	0.74 ± 0.02	Yes
SEVGPEHSLAEY	Viral	SARS-CoV-2	250	0.54 ± 0.01	0.42 ± 0.05	0.79 ± 0.01	Yes
NLDSKVGGNY	Viral	SARS-CoV-2	45	0.73 ± 0.06	0.85 ± 0.05	0.96 ± 0.03	Yes
TSNQVAVLY	Viral	SARS-CoV-2	62	0.52 ± 0.02	0.25 ± 0.07	0.69 ± 0.09	No
KAYNVTQAF	Viral	SARS-CoV-2	708	0.61 ± 0.02	0.57 ± 0.03	0.83 ± 0.01	Yes
GVAMPNLYK	Viral	SARS-CoV-2	35	0.5 ± 0.0	0.12 ± 0.02	0.54 ± 0.1	No
LEPLVDLPI	Viral	SARS-CoV-2	367	0.54 ± 0.01	0.35 ± 0.05	0.76 ± 0.02	Yes
KLPDDFTGCV	Viral	SARS-CoV-2	1160	0.59 ± 0.01	0.54 ± 0.02	0.84 ± 0.01	Yes
FLNGSCGSV	Viral	SARS-CoV-2	2332	0.61 ± 0.0	0.56 ± 0.02	0.86 ± 0.01	Yes
FVDGVPFVV	Viral	SARS-CoV-2	2420	0.54 ± 0.0	0.37 ± 0.01	0.77 ± 0.01	Yes
HTTDPSFLGRY	Viral	SARS-CoV-2	5000	0.7 ± 0.01	0.7 ± 0.02	0.9 ± 0.01	Yes
ILIEGIFFV	Viral	VZV	111	0.63 ± 0.03	0.55 ± 0.09	0.82 ± 0.04	Yes
ALSQYHVYV	Viral	VZV	69	0.62 ± 0.03	0.51 ± 0.06	0.74 ± 0.04	Yes
LLWNGPMAV	Viral	YellowFeverVirus	474	0.66 ± 0.01	0.53 ± 0.03	0.79 ± 0.01	Yes
