V_gene	CDR3_beta	J_gene	Class
30	CAWISPPGEAFF	01-01	0
03	CASSQGRQGDYGYTF	01-02	0
06-05	CASSYRVRETQYF	02-05	0
05-01	CASSLAVETGELFF	02-02	0
02	CASRGPNPNYGYTF	01-02	0
20-01	CSARRTGYHEQYF	02-05	0
04-03	CASSQESGSNEQFF	02-01	0
09	CASSVGLAATDNEQYF	02-07	0
11-02	CASSRPRQGLAYEQYF	02-07	0
27	CASSSTGPASSGYTF	01-02	0
06-05	CASSFDGKLNGYTF	01-02	0
05-01	CASSFGQGYTGELFF	02-02	0
15	CATSSQGNGAFF	01-01	0
06-04	CASSDLPGRGYNEQFF	02-01	0
24-01	CATSDVSGTRSYNEQFF	02-01	0
20-01	CSARDWAGGFGEQYF	02-07	0
11-02	CASSLVDLRDTGELFF	02-02	0
27	CASRPPTGRYGYTF	01-02	0
07-07	CASSLTVTGEYGYTF	01-02	0
07-09	CASSHRGGEETQYF	02-05	0
04-03	CASSQRDPGNEQFF	02-01	0
07-09	CASATSNTGELFF	02-02	0
19	CASSSFSGLSNQPQHF	01-05	0
29-01	CSVGQSVLNTEAFF	01-01	0
18	CASSPPTRGSYEQYF	02-07	0
24-01	CATSARGGSTDTQYF	02-03	0
06-05	CASSYSHGTSGREQYF	02-07	0
04-02	CASSQSHSEPNLEKLFF	01-04	0
21-01	CASSKGGSGRLLNEQFF	02-01	0
05-06	CASSLARDTDTQYF	02-03	0
30	CAWRKDTQYF	02-03	0
28	CASSLLGGGLAGVEGYEQYF	02-07	0
30	CAWSRRAFEKLFF	01-04	0
05-04	CASSPGRVSVETQYF	02-05	0
11-03	CASSLLGGDTQYF	02-03	0
07-07	CASSTRLGGVDEQFF	02-01	0
14	CASSPATGGYEQYF	02-07	0
25-01	CASSEQGGRGYTF	01-02	0
28	CASSLTNRGQPQHF	01-05	0
19	CASSIMGYRGYTF	01-02	0
20-01	CSARVGLVNTDTQYF	02-03	0
06-01	CASSAGSYSGNTIYF	01-03	0
06-05	CAIQSLSGANVLTF	02-06	0
04-01	CASSQIGNRAAEAFF	01-01	0
20-01	CSARDNPAGLSNEQFF	02-01	0
19	CASILQGADTEAFF	01-01	0
28	CASSLPRGEQYF	02-07	0
28	CASNEGRHQPQHF	01-05	0
04-03	CASSQGQGDYEQYF	02-07	0
05-01	CASSAIRGDTEAFF	01-01	0
06	CASRRGDPLYEQYF	02-07	0
16	CASSQSRQGASEAFF	01-01	0
20-01	CSAPGRSYNEQFF	02-01	0
28	CASSLVRGSNQPQHF	01-05	0
09	CASSVGGEGTNTEAFF	01-01	0
06-05	CASSYSWDSVASPLHF	01-06	0
02	CASRQYSNEKLFF	01-04	0
25-01	CASSKRQGGDTQYF	02-03	0
06-05	CATARTGVEYF	02-07	0
28	CASLQFMNTEAFF	01-01	0
12	CASSSRLAGVSTDTQYF	02-03	0
04-03	CASSQVGTGAYEQYF	02-07	0
07-07	CACATSVYNEQFF	02-01	0
03	CASSQELAGQPQHF	01-05	0
04-01	CASSQEGQGHLFGQYF	02-05	0
29-01	CSVESSGRASETQYF	02-05	0
11-03	CASSLSRWGANEQFF	02-01	0
05-04	CASSSGFREEKLFF	01-04	0
09	CASSVQPSGSYEQYF	02-07	0
27	CASSPPGLKNNEQFF	02-01	0
06-01	CASSERGLYNSPLHF	01-06	0
07-09	CASSQSGRDSNEKLFF	01-04	0
09	CASSVSSSPGNEQFF	02-01	0
09	CASSTGGRGTQYF	02-05	0
06-05	CASSYSKGSNQPQHF	01-05	0
07-09	CAVRLMNTEAFF	01-01	0
29-01	CSVAGTGSSTNEKLFF	01-04	0
20-01	CSATPSGRAINEQFF	02-01	0
27	CASSLSGGAGGEQFF	02-01	0
18	CASSREGLSYEQYF	02-07	0
28	CASNQKGYEQYF	02-07	0
20-01	CSARGGRNEQFF	02-01	0
21-01	CASSKARQRDPYEQYF	02-05	0
12	CASTNAAPWNYGYTF	01-02	0
07-03	CASSLDVGTEQFF	02-01	0
28	CASSLLQGSGNQPQHF	01-05	0
05-06	CASSLGPGSVAYEQYF	02-07	0
29-01	CSVEGQYYGYTF	01-02	0
10-02	CASKRQGVAFF	01-01	0
29-01	CSVNTGELFF	02-02	0
06-05	CASTSGDRFRTEAFF	01-01	0
05-06	CASSIGKSGYTF	01-02	0
15	CATSRELRQPNTEAFF	01-01	0
18	CASSPTQFF	02-01	0
06-01	CASSATGVDYNEQFF	02-01	0
06	CASSYRTRDRGLKAEAFF	01-01	0
06-05	CATGTGENYGYTF	01-02	0
20-01	CSAPKGTDSPLHF	01-06	0
18	CASSPAAYQPQHF	01-05	0
10-03	CAISEVEVHEQYF	02-07	0
09	CASSVLERGLKANYGYTF	01-02	0
07-08	CASSLGRAGELFF	02-02	0
20-01	CSARVGGALRNTEAFF	01-01	0
30	CAWSVLGVGYEQYF	02-07	0
20-01	CSAPTSNEKLFF	01-04	0
09	CASSVGGLGRDTQYF	02-03	0
02	CASSEDRGLRDGYTF	01-02	0
04-03	CASSRVIDSPLHF	01-06	0
07-09	CASSRPGGGRKGYEQYF	02-05	0
12	CASSLRHPNTEAFF	01-01	0
03	CASSLSLDTIYF	01-03	0
28	CASNGGWMETQYF	02-05	0
19	CASSGFSNYGYTF	01-02	0
04-01	CASSQYRGPYEQYF	02-07	0
10-03	CAISELSGNEQFF	02-01	0
06-04	CASSDTDRTTGELFF	02-02	0
12	CASSQDNSPLHF	01-06	0
10-03	CAISDATTGGRKTQYF	02-05	0
19	CASSGREGTQYF	02-03	0
27	CASSFSPDTDTQYF	02-03	0
07-02	CASSLSDGRQGREKLFF	01-04	0
05-05	CASSLGTVPISYEQYF	02-07	0
19	CASRSGQGAFYGYTF	01-02	0
13	CASSIRRSADTQYF	02-03	0
09	CASSSRPLGQGTEQYF	02-07	0
06-04	CASSLNGAGGTDTQYF	02-03	0
03	CASSQGQGKGSPLHF	01-06	0
02	CASKGPSGSGANVLTF	02-06	0
05-04	CASSPREGIAYEQYF	02-07	0
20-01	CSAHRRMNTEAFF	01-01	0
28	CASSPPTLRGTEAFF	01-01	0
07-02	CASSSGGWTQYF	02-05	0
12	CASSFYRPGENIQYF	02-04	0
06-05	CATTRTGAPYEQYF	02-07	0
04-01	CASSHGLAGDNEQFF	02-01	0
02	CASSPDRGRSYEQYF	02-07	0
07-09	CASSLEVVGLETQYF	02-05	0
20-01	CSATGGWNTEAFF	01-01	0
02	CASSPLEGRSEAFF	01-01	0
05-06	CASSAGSNEQFF	02-01	0
12	CASSPPGISRGGYTF	01-02	0
29-01	CSVYRRGRGRYEQYF	02-07	0
14	CASSQVGTGHNQPQHF	01-05	0
20-01	CSASGLAEVGEQYF	02-07	0
06-01	CASSEGAQETQYF	02-05	0
19	CASSPRLAESSYNEQFF	02-01	0
05-04	CASSFRGGTEAFF	01-01	0
03	CASRRNYEQYF	02-07	0
29-01	CSVEGQYQETQYF	02-05	0
04-01	CASSQVLSGDYNEQFF	02-01	0
04-01	CASSHSGTGVTGELFF	02-02	0
25-01	CASSEPGTNYGYTF	01-02	0
24-01	CATSDPGTYQETQYF	02-05	0
07-09	CASAGVYTGELFF	02-02	0
05-01	CASSFGTDLWIQYF	02-04	0
18	CASSLKATGPNTGELFF	02-02	0
04-01	CASSQGQARGRNEAFF	01-01	0
20-01	CSASPPEGTEAFF	01-01	0
07-03	CASSLSGTGSEAFF	01-01	0
24-01	CATRREETDTQYF	02-03	0
20-01	CSAGGTSGSSYEQYF	02-07	0
18	CASSPSHNSGNTIYF	01-03	0
04-03	CASSIRTGPNYGYTF	01-02	0
07-09	CASSTPIGLRQETQYF	02-05	0
06-05	CASSMDRGEETQYF	02-05	0
11-02	CASSFGVEQFF	02-01	0
06-05	CASRGGRANNEQFF	02-01	0
04-03	CASSQELAGWNEQYF	02-05	0
28	CASKQGAPNQPQHF	01-05	0
27	CARTNEKLFF	01-04	0
04-01	CASSQDPGPNEKLFF	01-04	0
04-02	CASSQVFKETQYF	02-05	0
06-05	CASSYSGGLETQYF	02-05	0
02	CASSETSGGPNTGELFF	02-02	0
06-05	CASSYVGSGTEAFF	01-01	0
03	CASSQSATGGYYGYTF	01-02	0
18	CASFDSLNTEAFF	01-01	0
28	CASSLLVDTQYF	02-03	0
09	CASSDTDRGQEYGYTF	01-02	0
20-01	CSASRGGAETNYGYTF	01-02	0
29-01	CSVEAPIGGSTDTQYF	02-03	0
07-06	CASSLTTGDNQPQHF	01-05	0
15	CATSRAGARGMNTIYF	01-03	0
19	CASSFGLAGGLSSYEQYF	02-07	0
06	CASSTRETQYF	02-05	0
03	CASSQAAGATYEQYF	02-07	0
27	CASSLSLADEQFF	02-01	0
11-02	CASSLDREKLFF	01-04	0
20-01	CSARPRIAGPSTDTQYF	02-03	0
12	CASSDLGGELFF	02-02	0
03	CASSQDVTVNEQFF	02-01	0
03	CASSQEPLGGDTQYF	02-03	0
06	CASSPTFQGINEKLFF	01-04	0
07-02	CASSKPGQFYEQYF	02-07	0
06	CASNSIPGQGTYEQYF	02-07	0
07-09	CASSALGTRSHEQFF	02-01	0
05-08	CASSFSGQGAPKQFF	02-01	0
05-01	CASSLWGGPPDDEQYF	02-07	0
10-03	CAISAGTGGYEQYF	02-07	0
13	CASSPLAGGVRELFF	02-02	0
07-07	CASSLAPTIGASTDTQYF	02-03	0
05-08	CASSWLAAAGGRAQYF	02-03	0
06	CASTPWGRNSYNEQFF	02-01	0
12	CASRSLIKGAGDTQYF	02-03	0
30	CAWSVMGNTEAFF	01-01	0
07-08	CASSTGTGFNYGYTF	01-02	0
07-08	CASSLGDPLWQYF	02-07	0
20-01	CSARDGTRQGNLYEQYF	02-07	0
20-01	CSARVFSGTGGNEQYF	02-07	0
06-01	CASSEQAGNYGYTF	01-02	0
19	CASSDRDQQDYEQYF	02-07	0
20-01	CSASVAKATDTQYF	02-03	0
05-06	CASTQGGRNYGYTF	01-02	0
05-01	CASSFWGAENSPLHF	01-06	0
05-04	CASSLAGAGGSYNEQFF	02-01	0
07-09	CASSARQAKHPYEQYF	02-07	0
02	CASVRRGVTDTQYF	02-03	0
18	CASSLDRESNQPQHF	01-05	0
05-01	CASSLGQVEDTIYF	01-03	0
09	CASSTSTASTDTQYF	02-03	0
24-01	CATGEQGISEQYF	02-07	0
27	CASSSRLAGVRTGELFF	02-02	0
28	CASSPSRGWSYEQYF	02-07	0
03	CASSNGDEQFF	02-01	0
28	CASSFWSFGATVGNDTQYF	02-03	0
07-06	CASSFAGEPETQYF	02-05	0
06-01	CASCRQGITEAFF	01-01	0
04-01	CASDRALGSNTEAFF	01-01	0
18	CASSPQPSYEQYF	02-07	0
19	CASSYLAGPGRDTQYF	02-03	0
19	CASSTSNSPLHF	01-06	0
06	CASSSYLGGIIGNEQFF	02-01	0
07-02	CASSWDSIYEQYF	02-07	0
06-01	CASSRSRGLTDTQYF	02-03	0
09	CASSPAGGSYNEQFF	02-01	0
06-01	CASTRESGTGELFF	02-02	0
20-01	CSARDRTDVWEQYF	02-07	0
06-05	CASSQTSNYGYTF	01-02	0
09	CASSVEQEVGEQYF	02-07	0
06-01	CASSGAGGNQPQHF	01-05	0
19	CASSIQAKDYGYTF	01-02	0
04-01	CASSQDRTAGGPYEQYF	02-07	0
05-04	CASSPRTSRADTQYF	02-03	0
20-01	CSALHTGQDIQYF	02-04	0
10-03	CAISDRDRGFGYTF	01-02	0
02	CASGQDPNTEAFF	01-01	0
07-09	CSSSSSYGQGVKGYTF	01-02	0
19	CASSPRTGRYNEKLFF	01-04	0
05-01	CASSLNRLYEQYF	02-07	0
27	CASGDRNKETQYF	02-05	0
20-01	CSARDAHEQFF	02-01	0
07-09	CSSSLSQGTSNQPQHF	01-05	0
03	CASSLPAAEAFF	01-01	0
27	CASSFGQGNQETQYF	02-05	0
05-06	CASSLSLGLAAVEQFF	02-01	0
10-03	CAISEVLASGDEQYF	02-07	0
06	CASSYSARAFSGNTIYF	01-03	0
29-01	CSPGCRGQAGELFF	02-02	0
05-08	CASSRVGGQPQHF	01-05	0
05-06	CASSLAWDSNTGELFF	02-02	0
07-09	CASSSGTDNTEAFF	01-01	0
05-05	CASSRRGLAGRSSTDTQYF	02-03	0
10-02	CASSDSPGQGRNQPQHF	01-05	0
19	CASSRTGRADSPLHF	01-06	0
06	CASSTPGTSGGRVGELFF	02-02	0
05-01	CASSSQSEESGSPLHF	01-06	0
06-04	CASSDRVAGALDEQFF	02-01	0
07-09	CASSSPSLGHYEQYF	02-07	0
05-01	CASSLALAGVGETQYF	02-05	0
14	CASSQFRANEQFF	02-01	0
28	CASSSTVTAKMNTEAFF	01-01	0
30	CAWTQNEAFF	01-01	0
12	CASSFNRLAGATPSYEQYF	02-05	0
07-08	CASSLGLQSNSPLHF	01-06	0
20-01	CSAGGDYRGDAFF	01-01	0
05-04	CASSLGAGDGHTF	01-02	0
07-09	CASSLGSGGTLNTEAFF	01-01	0
12	CASSPSSSSSYNEQFF	02-01	0
11-01	CASSLGGLASYEQYF	02-07	0
30	CAWTPGGFEQYF	02-07	0
05-01	CASSLTTSSYNEQFF	02-01	0
28	CASVGRNSYEQYF	02-07	0
05-04	CASSQIGLAHMSTDTQYF	02-03	0
20-01	CSARGARLENTIYF	01-03	0
16	CASSQLDGAKNIQYF	02-04	0
06-06	CAFFKQKTAYEAFF	01-01	0
20-01	CSARDRAAYNSPLHF	01-06	0
09	CASSAMTGPNQPQHF	01-05	0
05-05	CASSLGVWRGGRETQYF	02-05	0
20-01	CSARDAVRGTQYF	02-05	0
13	CASSTLGRGRDTGANVLTF	02-06	0
20-01	CSTGQVYGYTF	01-02	0
20-01	CSARGIAGGELFF	02-02	0
23-01	CASSRDAILNTEAFF	01-01	0
19	CASARFPGQSYEQYF	02-07	0
12	CASSSGLQGSEAFF	01-01	0
20-01	CSAMTGTDVYEQYF	02-07	0
06-01	CASRTSGGDYGYTF	01-02	0
27	CASRLSGGAYGYTF	01-02	0
27	CASSPTGGGWVKNTEAFF	01-01	0
27	CASSSVLGGSGARDEQFF	02-01	0
25-01	CASTLEAGASGNTIYF	01-03	0
07-06	CASSLKAGGTDTQYF	02-03	0
05-01	CASSRLATNTGELFF	02-02	0
12	CASSLRDAQYF	02-05	0
05-01	CASSLLLAGAPTSSVEQYF	02-07	0
20-01	CSAPYRGDTQYF	02-03	0
05-01	CASSGLGRNNSPLHF	01-06	0
18	CASSPIPATGGNSPLHF	01-06	0
06	CAKEADSQLAKNIQYF	02-04	0
14	CASSQDLLGTEAFF	01-01	0
04-02	CASSHPMGQGNTEAFF	01-01	0
24-01	CATSDPGTGERGYTF	01-02	0
10-03	CAISPGSSYGYTF	01-02	0
07-08	CASSIWALNYGYTF	01-02	0
06-05	CASGYRENTEAFF	01-01	0
05-06	CASSLGGAHLNTEAFF	01-01	0
06	CASSYLPGQGPSSYNSPLHF	01-06	0
09	CASSVGQGDNGYTF	01-02	0
05-06	CASSSARTGLYEQYF	02-07	0
24-01	CATSDYRASDTQYF	02-03	0
06-01	CASSGKPGDIYEQYF	02-07	0
18	CASSPLDRGRNTEAFF	01-01	0
07-09	CASSSTRSTGELFF	02-02	0
15	CATSSYRGLYNEQFF	02-01	0
04-01	CASSQRTGYSGNTIYF	01-03	0
20-01	CSARGGQPNTGELFF	02-02	0
06-05	CASSYSGQGGVNVLTF	02-06	0
20-01	CSAGRPTGGFEAFF	01-01	0
05-01	CASSLDGRSSTDTQYF	02-03	0
10-01	CASSERPPRGVQPQHF	01-05	0
06-05	CASQTGPNSPLHF	01-06	0
20-01	CSALLAGSSYNEQFF	02-01	0
28	CASSSVFRQGLDGYTF	01-02	0
06-05	CASSYVGDQPQHF	01-05	0
05-06	CASSFGGWRGYTF	01-02	0
07-02	CASSSRTRKVGNEQFF	02-01	0
05-06	CASSLLDSNTGELFF	02-02	0
04-01	CASSRGGLVSSGNTIYF	01-03	0
07-02	CASSQFMNTEAFF	01-01	0
28	CASSFGGRQGSGEQFF	02-01	0
06-05	CASSYTGGSDTQYF	02-03	0
05-06	CASSLGMASSYEQYF	02-07	0
13	CASSPALSYIQYF	02-04	0
06	CASSFRLAGGPVNTGELFF	02-02	0
29-01	CSVGRVLETQYF	02-05	0
05-04	CASSLVGVGTGELFF	02-02	0
09	CASSRLGLQSEPQHF	01-05	0
12	CASAVGWTSGGKVGEQFF	02-01	0
30	CAWTRIGPGYTF	01-02	0
27	CASSLPGLNSPLHF	01-06	0
27	CASSFRWTGELFF	02-02	0
07-06	CASSPVAGLSTDTQYF	02-03	0
20-01	CSARRTGAIYSNQPQHF	01-05	0
06	CASSPVERGSSYNEQFF	02-01	0
13	CASSLVQFTGELFF	02-02	0
12	CASSLKGQRNSPLHF	01-06	0
20-01	CSASERGGLETQYF	02-05	0
20-01	CSASPARGGADTQYF	02-03	0
04-03	CASSPHLAGQGYEQYF	02-07	0
06-06	CASQDTNSYEQYF	02-07	1
06-04	CASSDTPQPFSSGYTF	01-02	1
06-04	CASSDVAPAPFYGYTF	01-02	1
19	CASSIDLRGYQNIQYF	02-04	1
06-06	CASSPASGAFGYNEQF	02-01	1
10-03	CATGTGDSNQPQHF	01-05	1
12-05	CASGTGDSNQPQHF	01-05	1
10-03	CAISTGDSNQPQHF	01-05	1
19	CASSTGDSNQPQHF	01-05	1
28	CASSLIGRDEQFF	02-01	1
28	CASAQIGPYEQYF	02-07	1
28	CANSQPGGIEQFF	02-01	1
28	CASSLVVAGGPMSEQFF	02-01	1
05-05	CASSFYDWNTEAFF	01-01	1
10-03	CAISTGDGNQPQHF	01-05	1
10-03	CAISTGDYEQYF	02-07	1
10-03	CAISTGPDSYEQYF	02-07	1
10-03	CAIGTGDSNQPQHF	01-05	1
15	CATSTGDSNQPQHF	01-05	1
10-03	CATGTRDSNQPQHF	01-05	1
28	CASAQIGPYQYF	02-07	1
28	CASSLISGEGQPQHF	01-05	1
28	CASSIPAAGGRFEQFF	02-01	1
28	CASSLPGAGGDQPQHF	01-05	1
28	CASRPPGGVNEQFF	02-01	1
28	CASRPPGGNEQFF	02-01	1
28	CASRLPGGYNEQFF	02-01	1
28	CASRQPGGVNEQFF	02-01	1
28	CASRPPGVYEQYF	02-07	1
28	CASRPPGANVLTF	02-06	1
28	CASRTPGVSTEAFF	01-01	1
28	CASSLPGGAQGYTF	01-02	1
28	CASSLPGRDEQYF	02-07	1
06-06	CASSTGDHSNQPQHF	01-05	1
19	CASSTGDHSNQPQHF	01-05	1
06-06	CASSPASGAFGYNEQFF	02-01	1
