cluster,epitope,motif
0,KAFSPEVIPMF,"CASSGXGGYTF, CASSLXGGYTF"
1,HTTDPSFLGRY,CASSXSTGVNQPQHF
1,TPINLVRDL,"CASSXGTGVDQPQHF, CASSXGTGVNQPQHF"
2,FVDGVPFVV,"CASSQEXADTEAFF, CASSQEXANTEAFF"
3,FVDGVPFVV,CASSVGGXNTEAFF
3,KAYNVTQAF,CASSLGGXNTEAFF
3,KLSYGIATV,CASSLQGXNTEAFF
3,NLVPMVATV,CASSLXGXNTEAFF
3,YLDAYNMMI,CASSLGTXNTEAFF
4,"ELAGIGILTV,NLVPMVATV",CASSXSYEQYF
4,FLNGSCGSV,"CASSXXGEQYF, CATSXGYEQYF"
4,"FLNGSCGSV,LPRRSGAAGA",CASSXXYEQYF
4,HTTDPSFLGRY,CASSXGYEQYF
4,ILHCANFNV,CASSXGGEQYF
4,KAYNVTQAF,CASSLGYEQYF
4,WICLLQFAY,CASSXGSEQYF
5,FPPTSFGPL,CASSLLXNTGELFF
5,HTTDPSFLGRY,CASSXDXNTGELFF
5,NLVPMVATV,CASSLGXNTGELFF
5,RLRPGGKKK,CASSLDXNTGELFF
5,VLWAHGFEL,CASSLNXNTGELFF
6,"FTISVTTEIL,HLVDFQVTI",CASSXGXNTEAFF
6,FVDGVPFVV,CASSXGPNTEAFF
6,GILGFVFTL,CASSXTXNTEAFF
6,"HLVDFQVTI,FVDGVPFVV",CASSXGLNTEAFF
6,LLWNGPMAV,CASSLKXNTEAFF
6,LPRRSGAAGA,CASSXTLNTEAFF
6,"NLSALGIFST,LPRRSGAAGA",CASSLGXGTEAFF
6,NLVPMVATV,CASSLTXNTEAFF
6,RQLLFVVEV,CASSXTENTEAFF
6,"VLWAHGFEL,ITEEVGHTDLMAAY,NLVPMVATV",CASSLGXNTEAFF
6,YLNTLTLAV,CASSXXLNTEAFF
7,FLNGSCGSV,CASSXXXTEAFF
7,FLPRVFSAV,CASSXMNTEAFF
7,FLYNLLTRV,CASSPXNTEAFF
7,FVDGVPFVV,CASSXGXTEAFF
7,"HTTDPSFLGRY,LPRRSGAAGA",CASSXGGTEAFF
7,IPSINVHHY,CASSXTGXEAFF
7,KAYNVTQAF,CASSYXNTEAFF
7,KLVALGINAV,CASSXGDTEAFF
7,LPRRSGAAGA,CASSXGLTEAFF
7,NLVPMVATV,"CASSXGGXEAFF, CASSLXXTEAFF, CASGXGXTEAFF"
7,TLVPQEHYV,CASSXGNTEAFF
7,"YFPLQSYGF,GLCTLVAML,LPRRSGAAGA",CASSLXNTEAFF
8,HTTDPSFLGRY,"CASSLSDPXYNEQFF, CASSLSHPXYNEQFF, CASSLSXPXYNEQFF"
9,FLNGSCGSV,"CASSXXGXYEQYF, CASSXGXGYEQYF, CASSXXGXGEQYF, CASSXDXAYEQYF, CASSLLXGYEQYF"
9,FPPTSFGPL,CASSXGHSYEQYF
9,FVDGVPFVV,"CASSXGXSYEQYF, CASSXPXXYEQYF, CASRXGXSYEQYF"
9,HTTDPSFLGRY,"CASSXGHGYEQYF, CASSLXXXYEQYF, CASSXGXPYEQYF, CASSXDXXYEQYF, CASSXEGPYEQYF"
9,KAYNVTQAF,CASSXLGXYEQYF
9,KLPDDFTGCV,CASSYGXAYEQYF
9,KLSYGIATV,CASSXXXXYEQYF
9,LLWNGPMAV,"CASSXGXAYEQYF, CATSXGXAYEQYF, CASSGXGXYEQYF"
9,LPRRSGAAGA,CASSLXXGYEQYF
9,NLNESLIDL,CASSLGXNYEQYF
9,NLVPMVATV,"CASSLEXGYEQYF, CASSXGGPYEQYF, CASSXGLPYEQYF"
9,"TLIGDCATV,NLVPMVATV",CASSLGXSYEQYF
10,ELAGIGILTV,CASSXGGGSNQPQHF
10,KLPDDFTGCV,CASSXGGYSNQPQHF
10,LPRRSGAAGA,CASSXXGGSNQPQHF
10,YLDAYNMMI,CASSXGXYSNQPQHF
11,AMFWSVPTV,CASSXDLYEQYF
11,"FLPRVFSAV,HTTDPSFLGRY,GILGFVFTL",CASSXSSYEQYF
11,FVDGVPFVV,"CASSXVXYEQYF, CASSXPXYEQYF"
11,GILGFVFTL,CASSFGXYEQYF
11,"GLCTLVAML,NLVPMVATV",CASSLGXYEQYF
11,GTSGSPIVNR,CASSXGSYEQXF
11,HTTDPSFLGRY,CASSXDNYEQYF
11,"HTTDPSFLGRY,FLNGSCGSV",CASSXXXYEQYF
11,"HTTDPSFLGRY,GILGFVFTL",CASSXGXYEQYF
11,ILHCANFNV,CASSXGGXEQXF
11,KLSYGIATV,CASSLGXGEQYF
11,KLVALGINAV,CASSXGSYEQYF
11,KRWIILGLNK,CASSXDSYEQYF
11,LPRRSGAAGA,"CASSXXSYEQYF, CASSLSXYEQYF"
11,"LPRRSGAAGA,NLVPMVATV",CASSLXXYEQYF
11,MPASWVMRI,CASSXEGYEQYF
11,NLVPMVATV,"CASSXGGYEQYF, CASSXDGYEQYF"
11,PKYVKQNTLKLAT,CASSLGQGEQYF
11,RIFTIGTVTLK,CASSXLSYEQYF
11,RQLLFVVEV,CASSVGGXEQYF
11,TPRVTGGGAM,CASSXVIYEQYF
11,VLWAHGFEL,"CASSLGGXEQXF, CASSXGSXEQYF"
11,YLNTLTLAV,CASSXGGXEQYF
12,LPRRSGAAGA,CASSLXNQPQHF
12,NLVPMVATV,CASSLXDQPQHF
13,FVDGVPFVV,"CASSPXXNEQFF, CASSXXXNEQFF, CASSFGXNEQFF, CASSPXGXEQFF"
13,GLCTLVAML,CASSSGXNEQFF
13,HTTDPSFLGRY,CASSLGXNEQFF
13,NLVPMVATV,"CASSXGXNEQFF, CASSPSXNEQFF"
13,VLWAHGFEL,CASSPXGNEQFF
14,FLPRVFSAV,CASSLVXGELFF
14,"GTSGSPIINR,GTSGSPIVNR",CASSXGAGELFF
14,HPVGEADYFEY,CASSXRXGELFF
14,"KLSYGIATV,TLIGDCATV",CASSLGXGELFF
14,NLVPMVATV,CASSXGSGELFF
14,"VLWAHGFEL,NLVPMVATV",CASSXGXGELFF
15,FVDGVPFVV,CASSVXGTGELFF
15,GILGFVFTL,CASSXVGTGELFF
15,HTTDPSFLGRY,"CASSXDNTGELFF, CASSXXNTGELFF"
15,KLSYGIATV,CASSXXGTGELFF
15,KLWAQCVQL,CASSVXDTGELFF
15,NLVPMVATV,CASSRXGTGELFF
15,YLQPRTFLL,CASXXXNTGELFF
16,FLNGSCGSV,CASSXGQGEGYEQYF
16,KAYNVTQAF,"CASSXGQGEFYEQYF, CASSXGTGEYYEQYF"
16,RAKFKQLL,CASSXGTGEGYEQYF
17,FPPTSFGPL,"CASSLAXGNTEAFF, CASSLXXMNTEAFF"
17,KAYNVTQAF,CASSWGXGNTEAFF
17,LPRRSGAAGA,CASSLXXGNTEAFF
17,NLVPMVATV,CASSLGXGNTEAFF
18,GILGFVFTL,"CASSXSSSYNEQFF, CASSXXSSYNEQFF"
18,HTTDPSFLGRY,CASSXRSSYNEQFF
19,FLPRVFSAV,CASSXRTGQETQYF
19,FVDGVPFVV,CASSXWTGQETQYF
20,FRDYVDRFYKTLRAEQASQE,CASSXXASGGDEQFF
20,RFYKTLRAEQASQ,CASSXXXSGGDEQFF
21,FLNGSCGSV,CASSLXPGELFF
21,YFPLQSYGF,CASSFXPGELFF
22,FLPRVFSAV,"CASSPXTDTQYF, CASSXFTDTQYF"
22,HTTDPSFLGRY,CASSXGXDTQYF
22,LPRRSGAAGA,CASSXGTDTQYF
22,NLVPMVATV,CASSXXTDTQYF
22,VLWAHGFEL,CASSLGXDTQYF
23,GLCTLVAML,CASSLGGXYEQYF
23,HTTDPSFLGRY,CASSLAEXYEQYF
23,ITEEVGHTDLMAAY,CASSLADXYEQYF
23,KLNVGDYFV,CASSXGRTYEQYF
23,LEPLVDLPI,CASSLAGXYEQYF
23,LPRRSGAAGA,"CASSLGTXYEQYF, CASSSGXXYEQYF"
23,QECVRGTTVL,CASSXGTXYEQYF
23,RQLLFVVEV,CASSXGTTYEQYF
23,WICLLQFAY,CASSSGTXYEQYF
24,KLPDDFTGCV,CASSXYNSPLHF
24,RAKFKQLL,CASSXLNSPLHF
25,QECVRGTTVL,CASSPGTXNEQFF
25,"QECVRGTTVL,HTTDPSFLGRY",CASSAGTXNEQFF
26,FLNGSCGSV,CASSXGLAGMETQYF
26,YLNTLTLAV,CASSXGLAGEETQYF
27,"GTSGSPIINR,GTSGSPIVNR",CASSLGTXEAFF
27,GTSGSPIVNR,"CASSLGXAEAFF, CASSLGXPEAFF, CASSPGTXEAFF"
27,TPQDLNTML,CASSLGXXEAFF
28,FVDGVPFVV,CASSXXRDEQFF
28,ILHCANFNV,CASSVXRDEQFF
29,HTTDPSFLGRY,CASSYEGXYGYTF
29,KAYNVTQAF,CASSYGGXDGYTF
29,SEVGPEHSLAEY,CASSYGGXYGYTF
30,HTTDPSFLGRY,CASSXXGDQPQHF
30,ILGLPTQTV,CASSXRGSQPQHF
30,RQLLFVVEV,CASSXRGDQPQHF
31,HTTDPSFLGRY,"CASSFXNEQFF, CASSSXNEQFF"
32,FLNGSCGSV,CASSXTTEAFF
32,RQLLFVVEV,CASSXGTEAFF
33,KAYNVTQAF,CASSXERNYGYTF
33,NLVPMVATV,CASSXGRNYGYTF
34,EAAGIGILTV,CASSXGGLGTEAF
34,ELAGIGILTV,CASSXQGLGTEAFF
34,"ELAGIGILTV,EAAGIGILTV",CASSXQGLGTEAF
35,FPPTSFGPL,CASXSSYSYNEQFF
35,HTTDPSFLGRY,CASXSGYSYNEQFF
36,FLNGSCGSV,"CASSWDRXYEQYF, CASSYDSXYEQYF"
36,HTTDPSFLGRY,CASSLDRXYEQYF
36,RYPLTFGWCF,CASSYDRXYEQYF
37,GILGFVFTL,CASXGGLYEQYF
37,HTTDPSFLGRY,CASXQGLYEQYF
38,HTTDPSFLGRY,"CSVEXGESYEQYF, CSVEXXESYEQYF, CSVEXXSSYEQYF, CSVEXXXSYEQYF"
39,FVDGVPFVV,CASSXGLAGEDEQFF
39,MPASWVMRI,CASSXGLAGXDEQFF
40,HTTDPSFLGRY,CASGXETQYF
40,KLVALGINAV,CASSXETQYF
40,NLVPMVATV,CASRXETQYF
41,HTTDPSFLGRY,"CATSRDDGGXTDTQYF, CATSRDXGGXTDTQYF"
42,FLPRVFSAV,CASSLQGXETQYF
42,HTTDPSFLGRY,CASSLXGEETQYF
42,SEISMDNSPNL,CASSLXGGETQYF
42,YFPLQSYGF,CASSLXGXETQYF
43,KAYNVTQAF,CASSLGGEGXTDTQYF
43,KLPDDFTGCV,CASSLGGGGXTDTQYF
44,ELAGIGILTV,CASSXGGAETQYF
44,HTTDPSFLGRY,CASSXGGLETQYF
45,YLDAYNMMI,"CASSLRGXEQYF, CASSLRGXTQYF, CASSLRGXEQFF"
46,FLNGSCGSV,"CASSLXQGSYEQYF, CASSXXQGSYEQYF"
46,HTTDPSFLGRY,CASSLXGGSYEQYF
46,KLSYGIATV,CASSLXGGGYEQYF
46,LPRRSGAAGA,CASSLXGGXYEQYF
47,FVDGVPFVV,CASSFXSYNEQFF
47,GILGFVFTL,CASSFXSDNEQFF
47,"GILGFVFTL,NLVPMVATV",CASSXXSYNEQFF
47,LPRRSGAAGA,CASSXDSYNEQFF
48,AMFWSVPTV,CASSVDGXYNEQFF
48,RQLLFVVEV,CASSYPGXYNEQFF
48,TLIGDCATV,CASSYGGXYNEQFF
48,VLWAHGFEL,CASSVGGXYNEQFF
49,IPIQASLPF,CASSXGGVYNEQFF
49,WICLLQFAY,CASSXGGAYNEQFF
50,GLCTLVAML,CASSXGQGNTEAFF
50,RLRPGGKKK,CASSXGWGNTEAFF
50,WICLLQFAY,CASSXGQLNTEAFF
50,YLNTLTLAV,CASSXGQGHTEAFF
51,GILGFVFTL,CASSFGXGXYEQYF
51,"GTSGSPIINR,GTSGSPIVNR",CASSLGQGXYEQYF
51,KLSYGIATV,CASSXGQGXYEQYF
51,LLWNGPMAV,CASSXGQGAYEQYF
51,LPPAYTNSF,CASSLGQDXYEQYF
51,NLNESLIDL,"CASSXGXGXYEQYF, CASSXGTGAYEQYF"
51,TPINLVRDL,CASSXGXGSYEQYF
52,FLNGSCGSV,CASSQDXGYEQYF
52,KLSYGIATV,CASSQWXGYEQYF
52,LPRRSGAAGA,CASSQDXGGEQYF
53,KLSYGIATV,CASSEXXXQYF
53,NLVPMVATV,CASSXXXXQYF
54,EILDITPCSF,CASSPRXSYEQYF
54,NLVPMVATV,CASSPPXSYEQYF
55,FLNGSCGSV,CASSXLAGGXNEQFF
55,GILGFVFTL,"CASSPLAGGXNEQFF, CASSXLAGPYNEQFF, CASSXLAGGYNEQFF"
55,KLSYGIATV,CASSXLAGTYNEQFF
55,RQLLFVVEV,CASSPLAGVXNEQFF
56,FLNGSCGSV,"CASSXNSGGTDTQYF, CASSXXSGGTDTQYF, CASSXXXGGTDTQYF, CASSXISGSTDTQYF"
56,FLPRVFSAV,CASSXTSGSTDTQYF
56,HTTDPSFLGRY,"CASSXTSGGTDTQYF, CASSXTSXSTDTQYF"
57,GILGFVFTL,CASSXXSXDTQYF
57,HTTDPSFLGRY,"CASSXTSTDTQYF, CASSXXDTDTQYF"
57,LPRRSGAAGA,CASSPXSTDTQYF
57,NLVPMVATV,CASSXXSTDTQYF
58,HTTDPSFLGRY,CASSXLDTQYF
58,YLNTLTLAV,CASSXTDTQYF
59,LPRRSGAAGA,CASSXGVNTGELFF
59,NLVPMVATV,CASSXGLNTGELFF
60,KAYNVTQAF,CASSQXQGTDTQYF
60,LPRRSGAAGA,CASSLXQGTDTQYF
61,KRWIILGLNK,"CASSXGTSDYXQYF, CASSXGTSXYEQYF"
61,NLNESLIDL,CASSXGTSDYEQYF
62,HTTDPSFLGRY,CASSSXTGELFF
62,KLSYGIATV,CASSXFTGELFF
62,"KLWAQCVQL,FIAGLIAIV",CASSQXTGELFF
62,KRWIILGLNK,"CASSGXTGELFF, CASSXXTGELFF"
62,MPASWVMRI,CASXSXTGELFF
63,FVDGVPFVV,CASSXTGGEQYF
63,LPRRSGAAGA,CASSXXGGEQYF
64,FLNGSCGSV,CASSXXETQYF
64,LPRRSGAAGA,CASSXGETQYF
64,NLVPMVATV,CASSTXETQYF
65,FVDGVPFVV,CASSYSXGNEQYF
65,KLSYGIATV,CASSYSXGYEQYF
66,FLNGSCGSV,CASSSLXEQYF
66,HTTDPSFLGRY,CASSSLXEQXF
66,NLVPMVATV,CASSSGXEQYF
67,NLVPMVATV,CASSLXGAYNEQFF
67,WICLLQFAY,CASSLXGTYNEQFF
68,FIAGLIAIV,CASSXQGNEQFF
68,FLNGSCGSV,CASSXQYNEQFF
68,LPRRSGAAGA,CASSXVGNEQFF
69,ATDALMTGY,CASRXGTSNTGELFF
69,"RFYKTLRAEQASQ,FRDYVDRFYKTLRAEQASQE",CASRXGTSGTGELFF
70,SFHSLHLLF,"CASSPDRAXTQYF, CASSPDREXTQYF"
71,FLNGSCGSV,CASSWGXGYTF
71,VLWAHGFEL,CASSXGXGYTF
71,YLQPRTFLL,CASSXSXGYTF
72,MPASWVMRI,"CASSQGXASTDTQYF, CASSXGXASTDTQYF"
72,NLVPMVATV,CASSXGTASTDTQYF
73,FRDYVDRFYKTLRAEQASQE,"CASSXXARGNQPQHF, CASSGXARGNQPQHF"
73,RFYKTLRAEQASQ,CASSPXARGNQPQHF
74,KAFSPEVIPMF,CASEXGNTIYF
74,RQLLFVVEV,CASSXGNTIYF
75,GILGFVFTL,CASSPGQXTEAFF
75,KEIDRLNEV,CASSLGQXTEAFF
76,FLNGSCGSV,"CASSXGTGGETQYF, CASSXGAGGETQYF"
76,LPRRSGAAGA,CASSXGTSGETQYF
77,FRDYVDRFYKTLRAEQASQE,CASTRGSTDTQYF
77,HTTDPSFLGRY,CASTXGSTDTQYF
78,HTTDPSFLGRY,"CSVEEAGXSYEQYF, CSVEERGXSYEQYF"
79,KLPDDFTGCV,"CASSHXDRGGYNEQFF, CASSQXDRGGYNEQFF"
80,LLWNGPMAV,CASSXSGGAYGYTF
80,LPRRSGAAGA,CASSXSGTAYGYTF
81,FRDYVDRFYKTLRAEQASQE,CASSXRTSGGDEQYF
81,RFYKTLRAEQASQ,CASSXRTSGGXEQYF
81,"RFYKTLRAEQASQ,FRDYVDRFYKTLRAEQASQE",CASSXRTSGSDEQYF
82,HTTDPSFLGRY,CASSQSGXYNEQFF
82,NLVPMVATV,CASSPSGXYNEQFF
82,VLWAHGFEL,"CASSLAGXYNEQFF, CASSQAGXYNEQFF"
83,FVDGVPFVV,CASSSGXNQPQHF
83,HLVDFQVTI,CASSXGSNQPQHF
83,"KLPDDFTGCV,NLVPMVATV",CASSXYSNQPQHF
83,LLLGIGILV,"CASSSGXGQPQHF, CASSXGLNQPQHF"
83,LPRRSGAAGA,CASSXGXNQPQHF
84,AMFWSVPTV,CASSXLAGGLDTQYF
84,FRDYVDRFYKTLRAEQASQE,CASSXLASGTDTQYF
84,KAYNVTQAF,CASSXLAGGTDTQYF
84,RFYKTLRAEQASQ,CASSXLXSGTDTQYF
85,FLNGSCGSV,CASSXTTSTDTQYF
85,KAYNVTQAF,CASSXGASTDTQYF
85,"LPRRSGAAGA,NLVPMVATV",CASSLXGSTDTQYF
85,"PKYVKQNTLKLAT,GILGFVFTL",CASSXTGSTDTQYF
85,YLDAYNMMI,"CASSXXGSTDTQYF, CASSXGTSTDTQYF"
86,GILGFVFTL,CASSPXGGNTEAFF
86,KLSYGIATV,CASSFXGGNTEAFF
87,NLVPMVATV,"CASSXXGSSYEQYF, CASSXXGVSYEQYF"
88,FRDYVDRFYKTLRAEQASQE,"CASSARTSGGXDEQFF, CASSRRTSGGXDEQFF"
89,FLNGSCGSV,CASSLQGXTYEQYF
89,"GTSGSPIINR,GTSGSPIVNR",CASSLGGXTYEQYF
90,FRDYVDRFYKTLRAEQASQE,CASSXXASGVGEQYF
90,RFYKTLRAEQASQ,CASSDXASGVGEQYF
91,HTTDPSFLGRY,CASSXTSGSYNEQFF
91,LPRRSGAAGA,CASSXTGGSYNEQFF
91,NLVPMVATV,CASSXTSGGYNEQFF
92,HTTDPSFLGRY,"CASSXRDSYTEAFF, CASSXRDTYTEAFF"
93,KLSYGIATV,"CASSLAXGGEQYF, CASSLSXGGEQYF"
94,LPRRSGAAGA,CASSXPGGNEQFF
94,NLVPMVATV,CASSXLGGNEQFF
95,FVDGVPFVV,CASSLETGXETQYF
95,YLNTLTLAV,CASSLATGXETQYF
96,KAYNVTQAF,CASSXSGGNTEAFF
96,KLWAQCVQL,CASSXWGGNTEAFF
97,KPLEFGATSAAL,"CASSXPGLANEQFF, CASSXPGLXNEQFF"
98,FLNGSCGSV,"CATSDGXMNTEAFF, CATSDSXMNTEAFF"
99,HTTDPSFLGRY,"CASSPEGXQETQYF, CASSPQGXQETQYF"
100,KLSYGIATV,"CASSXGEVSNTGELFF, CASSXGXVSNTGELFF"
101,FRDYVDRFYKTLRAEQASQE,CASSEGAXGVGEQFF
101,RFYKTLRAEQASQ,CASSXGAXGVGEQFF
102,FVDGVPFVV,CASSXGGELFF
102,HTTDPSFLGRY,CASSXXGELFF
102,NLVPMVATV,CASSXSGELFF
103,IVDTVSALV,CASSXGLYNEQFF
103,"YLNTLTLAV,NLVPMVATV",CASSXGGYNEQFF
104,TPINLVRDL,"CASSPPGTGXSYEQYF, CASSPTGTGXSYEQYF"
105,"FVDGVPFVV,GILGFVFTL",CASSXYNEQFF
105,GILGFVFTL,CASSXGNEQFF
105,NLVPMVATV,CASSXGDEQFF
106,NLVPMVATV,CASSLXXEQYF
106,YLNTLTLAV,CASSLXXEQFF
107,ARMILMTHF,CASSXGTTNTGELFF
107,ATDALMTGY,CASSXGTXNTGELFF
108,RQLLFVVEV,"CASSXEVGQETQYF, CASSXEVQQETQYF"
109,FVDGVPFVV,CASSLXXXTEAFF
109,HTTDPSFLGRY,CASSLLGXTEAFF
109,NLVPMVATV,CASSLXGXTEAFF
110,KAYNVTQAF,CASSXGGGQETQYF
110,YLDAYNMMI,CASSXGQGQETQYF
111,HTTDPSFLGRY,"CASSXRXXXDTQYF, CASSXRXXXETQYF"
112,VLWAHGFEL,"CASSGGXEKLFF, CASSXGXEKLFF"
113,FLPRVFSAV,CASSLXGGQETQYF
113,RAKFKQLL,CASSLXAGQETQYF
114,KRWIILGLNK,CASSXGQXGNTIYF
114,KRWIIMGLNK,CASSXGQLGNTIYF
115,LLWNGPMAV,CASSXGTSGAYEQYF
115,LPRRSGAAGA,CASSXGTSGSYEQYF
116,HTTDPSFLGRY,CASSLGXYNEQFF
116,KLSYGIATV,CASSLTXYNEQFF
117,KLPDDFTGCV,"CASSQXXRGGLDEQFF, CASSQXXRGGYDEQFF"
118,HTTDPSFLGRY,"CASSGGXGYGYTF, CASSGGXHYGYTF"
119,GILGFVFTL,CASSXFDSSYEQYF
119,HTTDPSFLGRY,CASSXGDSSYEQYF
120,HTTDPSFLGRY,"CSVEXRDNYGYTF, CSVEXRXNYGYTF"
121,GILGFVFTL,CASSXFGANVLTF
121,NLVPMVATV,CASSXTGANVLTF
122,FRDYVDRFYKTLRAEQASQE,CASSELASGXXEQFF
122,RFYKTLRAEQASQ,CASSELASGIXEQFF
123,ALSQYHVYV,CASXRSGANVLTF
123,FPPTSFGPL,CASXXSGANVLTF
124,FRDYVDRFYKTLRAEQASQE,CASSEXXDTQYF
124,FVDGVPFVV,CASSVXXDTQYF
125,YLQPRTFLL,"CSARDXAAQNTGELFF, CSARDXRAQNTGELFF"
126,HTTDPSFLGRY,"CSVEDRXSYEQYF, CSVEDRXTYEQYF"
127,KRWIILGLNK,CASSSDRXEQYF
127,NLVPMVATV,CASSLDRXEQYF
128,GILGFVFTL,CASSXGQPQHF
128,IQYIDIGNY,CASSXGGPQHF
129,FLNGSCGSV,CASSFXGDYEQYF
129,HTTDPSFLGRY,CASSFXGGYEQYF
130,LPRRSGAAGA,CASSXSAGGPYEQYF
130,SEETGTLIV,CASSXXAGGPYEQYF
131,HTTDPSFLGRY,"CATSRDSGGTXDTQYF, CATSRDSGGXXDTQYF"
132,FLNGSCGSV,CASSLXXNYGYTF
132,GILGFVFTL,CASSLXGNYGYTF
133,FLNGSCGSV,CASSFGXYGYTF
133,GILGFVFTL,CASSXGXYGYTF
134,ELAGIGILTV,CAXSTGDSNQPQHF
134,EPLPQGQLTAY,CAXXTGDSNQPQHF
135,LPRRSGAAGA,"CASSPXGGAYNEQFF, CASSPXGGSYNEQFF"
